epoch,train mae,train rmse,test mae,test rmse
1,0.000242102,0.000243942,0.000242102,0.000243942
