epoch,train mae,train rmse,test mae,test rmse
1,0.000242156,0.000243996,0.000242156,0.000243996
