epoch,train mae,train rmse,test mae,test rmse
1,0.000242167,0.000244003,0.000242167,0.000244003
