epoch,train mae,train rmse,test mae,test rmse
1,0.00268747,0.00300495,0.00268747,0.00300495
