epoch,train mae,train rmse,test mae,test rmse
1,0.00535343,0.00729266,0.00535343,0.00729266
2,0.00473321,0.0055827,0.00475263,0.0056067
3,0.00439614,0.00514508,0.00436738,0.00511204
4,0.00276833,0.00335874,0.00277456,0.00336236
