epoch,train mae,train rmse,test mae,test rmse
1,0.000538214,0.00067446,0.000538214,0.00067446
