epoch,train mae,train rmse,test mae,test rmse
1,0.0460943,0.0712195,0.0460943,0.0712195
2,0.00974756,0.0127108,0.00991198,0.0128414
3,0.042508,0.0580339,0.0421597,0.0578538
4,0.0535508,0.0747175,0.0530202,0.0741978
5,0.000915987,0.00109331,0.000915208,0.0010928
