epoch,train mae,train rmse,test mae,test rmse
1,0.00886366,0.010332,0.00886366,0.010332
2,0.00286477,0.00376079,0.00286721,0.00376543
