epoch,train mae,train rmse,test mae,test rmse
1,0.00128012,0.00142052,0.00128012,0.00142052
