epoch,train mae,train rmse,test mae,test rmse
1,0.0017911,0.00210959,0.0017911,0.00210959
