epoch,train mae,train rmse,test mae,test rmse
1,0.00539673,0.00734776,0.00539673,0.00734776
2,0.00491127,0.0057145,0.00492832,0.00573599
3,0.00446838,0.00514834,0.00444405,0.00511843
4,0.00271765,0.00334092,0.00272524,0.00334538
