epoch,train mae,train rmse,test mae,test rmse
1,0.000961627,0.0010812,0.000961627,0.0010812
