epoch,train mae,train rmse,test mae,test rmse
1,0.000961106,0.00108067,0.000961106,0.00108067
