epoch,train mae,train rmse,test mae,test rmse
1,0.00316906,0.00782129,0.00316906,0.00782129
2,0.179936,0.412713,0.179936,0.412517
3,0.0106176,0.0304277,0.0106998,0.0305944
4,0.00150893,0.00398822,0.00152061,0.00402023
