epoch,train mae,train rmse,test mae,test rmse
1,0.114457,0.310588,0.114457,0.310588
2,0.179919,0.409581,0.179918,0.409421
3,0.0231688,0.0599346,0.0233302,0.0601934
4,0.00237575,0.0059871,0.00237538,0.00600161
5,0.00359695,0.010925,0.00358523,0.0108522
6,0.120419,0.298133,0.120009,0.297327
7,0.00133207,0.00308617,0.00134009,0.00309255
