epoch,train mae,train rmse,test mae,test rmse
1,0.000150433,0.000305629,0.000150433,0.000305629
