epoch,train mae,train rmse,test mae,test rmse
1,0.000635358,0.00138339,0.000635358,0.00138339
