epoch,train mae,train rmse,test mae,test rmse
1,0.000329985,0.00067815,0.000329985,0.00067815
