epoch,train mae,train rmse,test mae,test rmse
1,0.00032999,0.000678162,0.00032999,0.000678162
