epoch,train mae,train rmse,test mae,test rmse
1,0.00189108,0.00391417,0.00189108,0.00391417
