epoch,train mae,train rmse,test mae,test rmse
1,0.0238885,0.0381442,0.22937,0.461104
2,0.0199819,0.0268227,0.220762,0.459498
3,0.012435,0.01671,0.211713,0.451302
4,0.0100261,0.0123943,0.208501,0.444648
5,0.0221429,0.0259385,0.211112,0.437535
6,0.01059,0.0124207,0.208588,0.434586
7,0.00760309,0.0104399,0.208758,0.433589
8,0.00596954,0.00674358,0.207894,0.431219
9,0.00560526,0.00610502,0.206303,0.429716
10,0.012612,0.0152125,0.209019,0.430449
