epoch,train mae,train rmse,test mae,test rmse
1,0.761665,0.995418,0.797416,1.13886
2,0.242905,0.349238,0.371732,0.581068
3,0.308574,0.377823,0.387207,0.610044
4,0.224633,0.290506,0.336653,0.51515
5,0.268431,0.342763,0.358792,0.594565
6,0.149986,0.174087,0.278473,0.479387
7,0.490421,0.604538,0.596744,0.819309
8,0.119457,0.129145,0.262933,0.430111
9,0.337301,0.464626,0.400391,0.713577
10,0.24707,0.288977,0.336881,0.521265
11,0.520945,0.550188,0.5646,0.724259
12,0.246029,0.281187,0.374655,0.53558
