epoch,train mae,train rmse,test mae,test rmse
1,0.00176911,0.00204784,0.00176911,0.00204784
