epoch,train mae,train rmse,test mae,test rmse
1,0.00485058,0.00562912,0.00485058,0.00562912
2,0.00596041,0.00648269,0.00596123,0.00649127
3,0.016056,0.018002,0.0159678,0.0179141
4,0.000602164,0.000761682,0.00059557,0.00075624
