epoch,train mae,train rmse,test mae,test rmse
1,0.00206091,0.00273913,0.00206091,0.00273913
