epoch,train mae,train rmse,test mae,test rmse
1,0.0238224,0.0383322,0.229609,0.461545
2,0.0263048,0.0293834,0.220323,0.461034
3,0.0150174,0.0204518,0.212472,0.45182
4,0.0126862,0.0161215,0.209697,0.443016
5,0.0308273,0.0353077,0.215757,0.442915
6,0.00930828,0.0123014,0.20806,0.434145
7,0.00598377,0.0089465,0.206423,0.431926
8,0.0211252,0.0239213,0.208681,0.428241
9,0.00601806,0.00679137,0.20726,0.429315
10,0.00484445,0.00629573,0.206478,0.429749
