epoch,train mae,train rmse,test mae,test rmse
1,0.00515907,0.00706783,0.00515907,0.00706783
2,0.356155,0.414246,0.358671,0.416605
3,0.143004,0.174722,0.141879,0.173839
4,0.399201,0.446205,0.398093,0.445405
5,0.243902,0.326993,0.245014,0.329166
