epoch,train mae,train rmse,test mae,test rmse
1,0.001908,0.00238795,0.001908,0.00238795
