epoch,train mae,train rmse,test mae,test rmse
1,0.0832288,0.0960511,0.0832288,0.0960511
2,6.24907e-05,7.45818e-05,6.20127e-05,7.41501e-05
